Model,TrainAcc,TestAcc,Gap,Precision,Recall,F1
LogisticRegression,0.7091666666666666,0.6983333333333334,0.01083333333333325,0.6183206106870229,0.38207547169811323,0.47230320699708456
RandomForest,0.9029166666666667,0.9,0.0029166666666666785,1.0,0.7169811320754716,0.8351648351648352
GradientBoosting,0.9333333333333333,0.9266666666666666,0.00666666666666671,0.9038461538461539,0.8867924528301887,0.8952380952380953
